location_id,location_code,location_name,location_type,area,city,state_code,country,latitude,longitude
1,USKSARIZVUFBIF,Wyandotte,area,Wyandotte,,KS,US,39.1204165,-94.690971
2,USMOARVMWLVEFC,Buchanan,area,Buchanan,,MO,US,39.766947,-94.830017
3,USKSARTVXZKQYO,Miami,area,Miami,,KS,US,38.57218161,-94.8721855
4,USTNARELBKYMSX,"Coffee County, TN",area,"Coffee County, TN",,TN,US,35.47068425,-86.08319705
5,USTNARPPILIEKZ,"Marshall County, TN",area,"Marshall County, TN",,TN,US,35.468624344999995,-86.799300515
6,USKYARXINSPEKJ,"Christian County, KY",area,"Christian County, KY",,KY,US,36.65161574,-87.40708998
7,USKSAROHAWBZPN,"Montgomery, KS",area,"Montgomery, KS",,KS,US,37.224409,-95.710559
8,USMOARXQNBXAOR,Ray,area,Ray,,MO,US,39.274475,-93.9745455
9,USKSARIXEZIRAN,"Franklin, KS",area,"Franklin, KS",,KS,US,38.60677285,-95.265361
10,USTNARTPQMWTKC,"Dekalb County, TN",area,"Dekalb County, TN",,TN,US,35.96089273,-85.8155834
11,USMOARNVAIUHKP,Vernon,area,Vernon,,MO,US,37.839762,-94.358985
12,USTNARJCIOTDYE,"Lawrence County, TN",area,"Lawrence County, TN",,TN,US,35.242481145,-87.32290427
13,USMOARBGVMKGQN,Nodaway,area,Nodaway,,MO,US,40.344577,-94.878613
14,USTNARNUXGNXWQ,"Putnam County, TN",area,"Putnam County, TN",,TN,US,36.169559469999996,-85.50123804
15,USTNARCETJDZWJ,"Giles County, TN",area,"Giles County, TN",,TN,US,35.19525644,-87.03865686
16,USMOARCPOGSUDB,Henry,area,Henry,,MO,US,38.368956145,-93.77134649999999
17,USKSARVRJNHMFD,Labette,area,Labette,,KS,US,37.339325935000005,-95.276490405
18,USCOARPYOOLCIQ,Summit,area,Summit,,CO,US,39.623036155,-106.09080539499999
19,USMOARXQHCZDVQ,Pettis,area,Pettis,,MO,US,38.702661,-93.235644
20,USILARAFLLRDFX,St Clair-IL,area,St Clair-IL,,IL,US,38.537199,-89.984128
21,USKSARCEBFJTBS,Bourbon,area,Bourbon,,KS,US,37.833365,-94.706505
22,USMOARJOGRMTSG,Gentry,area,Gentry,,MO,US,40.216476,-94.540317705
23,USTNARXWXMIRZW,"Houston County, TN",area,"Houston County, TN",,TN,US,36.29147971,-87.67009629
24,USMOARXYTJDHMQ,Grundy,area,Grundy,,MO,US,40.07171,-93.612559
25,USGAARYODDIAZI,"Catoosa County, GA",area,"Catoosa County, GA",,GA,US,34.92443,-85.155057
26,USTNARMHDNZQYO,"Rhea County, TN",area,"Rhea County, TN",,TN,US,35.474987765,-84.970573685
27,USKSARPZTQVOAT,Coffey,area,Coffey,,KS,US,38.16173272,-95.7427815
28,USTNARGIRHUVTA,"Moore County, TN",area,"Moore County, TN",,TN,US,35.34025034,-86.31021054
29,USMOARNWGYGZHA,Camden,area,Camden,,MO,US,38.178741,-92.756564
30,USKYARNLPVZZOM,Fulton,area,Fulton,,KY,US,36.50717215,-88.8782828
31,USMOARHQWUCPVL,Pulaski,area,Pulaski,,MO,US,37.808170000000004,-92.156862
32,USMOARTXRUVVPW,Hickory,area,Hickory,,MO,US,37.90824616,-93.37741383
33,USMOARIHBJBIXQ,Phelps,area,Phelps,,MO,US,37.942615,-91.749767
34,USMOARWAGVBSHE,Texas,area,Texas,,MO,US,37.238234,-91.897687
35,USGAARMUAXMTWX,"Whitfield County, GA",area,"Whitfield County, GA",,GA,US,34.7549,-84.9994
36,USMOARLDCAWUEW,"Barton, MO",area,"Barton, MO",,MO,US,37.52458969,-94.26294239500001
37,USILARPSKWVBGK,Jackson-IL,area,Jackson-IL,,IL,US,37.739715000000004,-89.2697135
38,USKYARSVMXNIUO,"Logan County, KY",area,"Logan County, KY",,KY,US,36.867993115000004,-86.911740375
39,USILARDCFFITDB,Monroe-IL,area,Monroe-IL,,IL,US,38.390606500000004,-90.1935875
40,USTNARMQHFTXEA,"Sevier County, TN",area,"Sevier County, TN",,TN,US,35.779297915,-83.559070685
41,USMOARPTQNRQPL,Gasconade,area,Gasconade,,MO,US,38.69024172,-91.43184952
42,USKYARWAAZAFPJ,"Hopkins County, KY",area,"Hopkins County, KY",,KY,US,37.31915529,-87.495444905
43,USMOARKXGUQZVE,Ralls,area,Ralls,,MO,US,39.545443000000006,-91.5382075
44,USKSARFDGIFZPY,Riley,area,Riley,,KS,US,39.128850305,-96.556001705
45,USMOARCEYGZDXQ,Scott,area,Scott,,MO,US,37.222438999999994,-89.509929
46,USMOARJGRPFYGY,Shannon,area,Shannon,,MO,US,36.97075334,-91.42865230999999
47,USKSARUIJZLELD,Wabaunsee,area,Wabaunsee,,KS,US,39.0193295,-96.128398
48,USMOARBBBTUNLP,Callaway,area,Callaway,,MO,US,38.8467,-91.940318
49,USSCARVALPKXNF,Colleton,area,Colleton,,SC,US,32.895285,-80.664304
50,USTNARJUGNASKG,"Crockett County, TN",area,"Crockett County, TN",,TN,US,35.9077182,-89.23453076
51,USKYAREAHWZUKU,Hickman,area,Hickman,,KY,US,36.6537804,-88.89695689999999
52,USKSARUNDEXTLA,"Jefferson, MO",area,"Jefferson, MO",,KS,US,39.319144,-95.272187
53,USILARAWZFFMJU,Randolph-IL,area,Randolph-IL,,IL,US,38.115627,-89.709054
54,USMOARWWEXEIKL,Bollinger,area,Bollinger,,MO,US,37.300480500000006,-90.00664499999999
55,USCOARTNKISOYV,Cheyenne,area,Cheyenne,,CO,US,38.81942,-102.35762
56,USMOARSLJPZSYH,Cooper,area,Cooper,,MO,US,38.726154019999996,-92.991520555
57,USMOARZREXNHQW,Iron,area,Iron,,MO,US,37.617179,-90.642346
58,USMOAROIGGXELI,Mercer,area,Mercer,,MO,US,40.396067,-93.58628636
59,USKSARVQJAPQOA,Butler,area,Butler,,KS,US,37.677557,-97.141002
60,USMOARIFESCEPG,Crawford,area,Crawford,,MO,US,38.061863,-91.412687
61,USTNARAVDKGIYU,"Jefferson County, TN",area,"Jefferson County, TN",,TN,US,36.01318517,-83.28203174
62,USTNARVVPDPBWQ,"Weakley County, TN",area,"Weakley County, TN",,TN,US,36.31746969,-88.72622505
63,USMOARFNGUBKZO,Wright,area,Wright,,MO,US,37.077857,-92.332071
64,USNCCIYBHQECEJ,China Grove,city,,China Grove,NC,US,35.567865,-80.582435
65,USNCCINHHOVCNH,Spencer,city,,Spencer,NC,US,35.695472,-80.435383
66,USNCCIHCYDUMBU,Faith,city,,Faith,NC,US,35.587154,-80.46570527
67,USNCCIONFBGFAS,Mount Pleasant,city,,Mount Pleasant,NC,US,35.40187383,-80.432817
68,USNCCILOLEBEPW,Statesville,city,,Statesville,NC,US,35.785234,-80.88197
69,USNCCIBJEELLOQ,Woodleaf,city,,Woodleaf,NC,US,35.760664,-80.584608
70,USNCCIQMCNIAED,Denton,city,,Denton,NC,US,35.62033739,-80.203396
71,USNCCIDAHXXZGN,Mooresville,city,,Mooresville,NC,US,35.57918369,-80.8506165
72,USNCNBIMUFFUPK,NONE,neighborhood,,Salisbury,NC,US,35.668021,-80.463147
73,USNCNBXNPHWSMR,COUNTRY CLUB HILLS,neighborhood,,Salisbury,NC,US,35.705934525,-80.473234925
74,USNCNBQYXHBRRQ,SUMMERFIELD,neighborhood,,Salisbury,NC,US,35.654426,-80.5404575
75,USNCNBSCAMBRBH,CAMERON GLEN,neighborhood,,Salisbury,NC,US,35.672770445,-80.54629096
76,USNCNBYMYCRRZM,HIDDEN CREEK,neighborhood,,Salisbury,NC,US,35.707221454999996,-80.502069
77,USMOARVSGMAYVT,Lawrence,area,Lawrence,,MO,US,37.19767501,-93.98079814
78,USKSARVMRBYUBR,Lyon,area,Lyon,,KS,US,38.3961334,-96.18293548
79,USALARPVFWNVKM,"Madison County, AL",area,"Madison County, AL",,AL,US,34.95657963,-86.77794976
80,USMOARFHMNNQXU,Maries,area,Maries,,MO,US,38.043031,-92.086807
81,USOKARFOELZVBE,Pawnee,area,Pawnee,,OK,US,36.15979404,-96.80700961
82,USMOARRCNEUEDL,Perry,area,Perry,,MO,US,37.693639,-89.590641
83,USMOARVEEWSLZL,St. Louis,area,St. Louis,,MO,US,38.04645373,-93.70270413
84,USMOARBDFXGPJY,Stone,area,Stone,,MO,US,36.643002,-93.364215
85,USKSARJMNPWVIE,Sumner,area,Sumner,,KS,US,37.476608,-97.369358
86,USKSARXFDDPTSY,Thomas,area,Thomas,,KS,US,39.37983,-101.069239
87,USMOARKLYUTAUP,Jackson,area,Jackson,,MO,US,39.019459999999995,-94.4674535
88,USTNARRGUAHWIE,"Montgomery County, TN",area,"Montgomery County, TN",,TN,US,36.57113786,-87.34829988499999
89,USTNARKTBWVAHU,"Wilson County, TN",area,"Wilson County, TN",,TN,US,36.23075381,-86.35749515
90,USMOARYTSZYINX,Cass,area,Cass,,MO,US,38.80089262,-94.482369
91,USTNARIQJZNRPM,"Stewart County, TN",area,"Stewart County, TN",,TN,US,36.550796315,-87.849261445
92,USKSARQXJJNZFC,Allen,area,Allen,,KS,US,37.9297475,-95.4039515
93,USCOARGDATOESA,Logan,area,Logan,,CO,US,40.624756649999995,-103.21372
94,USTNARXVTZHURS,"Perry County, TN",area,"Perry County, TN",,TN,US,35.69715799,-87.79313506
95,USILARQCGZNUIN,Du Page,area,Du Page,,IL,US,41.8992122,-87.9420239
96,USCONBSMWWLECW,Ash Grove,neighborhood,Adams,Thornton,CO,US,39.92699,-104.91693
97,USCONBQTZNYCII,Brantner Village,neighborhood,Adams,Thornton,CO,US,39.92376364,-104.89438099
98,USCONBBSUFBEMQ,BRIAR RIDGE FILING 1,neighborhood,Adams,Thornton,CO,US,39.90919,-104.938419
99,USCONBIOJZGGVZ,Deer Run,neighborhood,Adams,Thornton,CO,US,39.9248494,-104.92675369
100,USCONBMNANFMMQ,DEER RUN PLANNED UNIT DEVELOPMENT,neighborhood,Adams,Thornton,CO,US,39.92116,-104.928003
101,USCONBIPQKRXIW,Fallbrook Subdivision,neighborhood,Adams,Thornton,CO,US,39.95138339,-104.94069122
102,USCONBESHTQDKR,Harvest Ridge,neighborhood,Adams,Thornton,CO,US,39.87712,-104.96313
103,USCONBHCQSNHON,Holly Ridge,neighborhood,Adams,Thornton,CO,US,39.90053547,-104.92377394
104,USCONBYLMYJBBK,Lakeview Estates,neighborhood,Adams,Thornton,CO,US,39.97900618,-104.89251916
105,USCONBZMSTNUNL,North Creek Farms,neighborhood,Adams,Thornton,CO,US,39.99883881,-104.96342345
106,USCONBYEAVWCBX,Peachtree Homes At The Lakes,neighborhood,Adams,Thornton,CO,US,39.93041758,-104.9593112
107,USCONBFMMAGWQK,Quebec Riverdale,neighborhood,Adams,Thornton,CO,US,39.93470816,-104.90528546
108,USCONBRGEEALEM,Riverdale,neighborhood,Adams,Thornton,CO,US,39.929994,-104.916072
109,USCONBMRNBBSFY,Riverdale Heights,neighborhood,Adams,Thornton,CO,US,39.87968979,-104.94918436
110,USCONBDTHHAUGO,Sage Valley Condo,neighborhood,Adams,Thornton,CO,US,39.88542476,-104.94945285
111,USCONBAKMIDWFG,Settlers Chase Prospects,neighborhood,Adams,Thornton,CO,US,39.88302,-104.94819
112,USCONBKKAUPWQB,Sundance At Lambertson Lakes,neighborhood,Adams,Thornton,CO,US,39.87615564,-104.9768766
113,USCONBJBCIHTUR,Thornton Blks 77-82 Amd,neighborhood,Adams,Thornton,CO,US,39.86360667,-104.95036081
114,USCONBRBFZDVRB,Villages North Sub Filing 2,neighborhood,Adams,Thornton,CO,US,39.86393553,-104.94484372
115,USCONBIRNKFGCW,Woodbridge Station,neighborhood,Adams,Thornton,CO,US,39.93247117,-104.92460381
116,USCONBKWZIFZDX,Woodglen Meadows,neighborhood,Adams,Thornton,CO,US,39.92776,-104.93668
117,USCONBYMKRVSPY,Reunion,neighborhood,Adams,Commerce City,CO,US,39.89465454,-104.79199338
118,USCONBGEUVGQAJ,Reunion Ridge,neighborhood,Adams,Commerce City,CO,US,39.882611,-104.83371473
119,USCONBNDFGCSEE,Buffalo Highlands,neighborhood,Adams,Commerce City,CO,US,39.86352301,-104.78236
120,USCONBRZNZCCEE,Reunion- American Dream,neighborhood,Adams,Commerce City,CO,US,39.884225985,-104.82991206
121,USCONBQZEANNGX,Settlers Crossing,neighborhood,Adams,Commerce City,CO,US,39.87603991,-104.766438445
122,USCONBYRNEHHZJ,Belle Creek,neighborhood,Adams,Commerce City,CO,US,39.893958,-104.87547
123,USCONBXSEHYHGH,Linden,neighborhood,Adams,Commerce City,CO,US,39.88888752,-104.84177546500001
124,USCONBNFZTSAQG,Mowrey Sub,neighborhood,Adams,Commerce City,CO,US,39.82495515,-104.91209082
125,USCONBGCJRALXM,Fronterra Village Filing 2,neighborhood,Adams,Commerce City,CO,US,39.87570831,-104.80857634
126,USCONBRYCPDEJV,Martin,neighborhood,Adams,Commerce City,CO,US,39.80490263,-104.92607914
127,USCONBYHABCLOE,Monaco,neighborhood,Adams,Commerce City,CO,US,39.83891065,-104.91212727
128,USCONBSLBHULXL,Morningdale,neighborhood,Adams,Commerce City,CO,US,39.8245336,-104.92430118
129,USCONBOEAOILYX,Norwood,neighborhood,Adams,Commerce City,CO,US,39.83772865,-104.92253923
130,USCONBFVJCWIDO,Quebec Estates,neighborhood,Adams,Commerce City,CO,US,39.84645526,-104.90285036
131,USCONBJFZDVOKA,Reunion-American Dream,neighborhood,Adams,Commerce City,CO,US,39.88438498,-104.82986078
132,USCONBBMIKFAVS,Hillsdale,neighborhood,Adams,Westminster,CO,US,39.83890914,-105.0498245
133,USCONBZNVPKHPP,Home Farm,neighborhood,Adams,Westminster,CO,US,39.92537718,-104.99918908
134,USCONBBMUOTJPS,Legacy Ridge West,neighborhood,Adams,Westminster,CO,US,39.890912,-105.043066
135,USCONBEZSMOJDS,NorthPark,neighborhood,Adams,Westminster,CO,US,39.87576339,-105.02663617
136,USCONBZNVPIQYN,Prospectors Point,neighborhood,Adams,Westminster,CO,US,39.85352472,-105.022195
137,USCONBUXUSXONR,SHAW HEIGHTS MESA 7TH FILING,neighborhood,Adams,Westminster,CO,US,39.858926,-105.033777
138,USCONBJUYIKBNY,Tanglewood,neighborhood,Adams,Westminster,CO,US,39.93094732,-104.99602781
139,USCONBGAEMNYQQ,THE RANCH FILING NO 2,neighborhood,Adams,Westminster,CO,US,39.913511,-105.014498
140,USCONBCFHMVWYF,Weatherstone,neighborhood,Adams,Westminster,CO,US,39.90959497,-105.04667349
141,USCONBMDKHGWZN,Highlands at Westbury,neighborhood,Adams,Northglenn,CO,US,39.90068154,-105.0042286
142,USCONBAMQEBOEH,Northglenn D,neighborhood,Adams,Northglenn,CO,US,39.89112774,-104.99746186
143,USCONBIKUELWKE,BENNET,neighborhood,Adams,Bennett,CO,US,39.84823506,-104.53740307
144,USCONBKIZARYPH,Centennial,neighborhood,Adams,Bennett,CO,US,39.75461828,-104.43935696
145,USCONBSEMKKZMX,Muegge Farms,neighborhood,Adams,Bennett,CO,US,39.74510796,-104.43815525
146,USCONBLFGJDJJH,Comanche Creek Estates,neighborhood,Adams,Strasburg,CO,US,39.76090159,-104.28352751
147,USCONBJMUJFZFR,Adams County,neighborhood,Adams,Strasburg,CO,US,39.90124676,-104.29875109
148,USCONBSITARFAM,Strasburg,neighborhood,Adams,Strasburg,CO,US,39.78235277,-104.33612194
149,USCONBVGTWYSPK,Montecello,neighborhood,Adams,Federal Heights,CO,US,39.86068422,-105.01090512
150,USCONBMKHXEBPW,Lochbuie Station,neighborhood,Adams,Lochbuie,CO,US,39.99677,-104.72715
151,USCONBQKVNOFZK,North Park Filing 1 Rep C,neighborhood,Adams,Broomfield,CO,US,39.99445,-105.01339
152,USCONBMSJWVGGJ,NORTH STAR ESTATES FOURTH FILING,neighborhood,Adams,Broomfield,CO,US,39.97888,-105.00822
153,USCONBJTXFJNKM,None,neighborhood,Adams,Byers,CO,US,39.97786339,-104.05810479
154,USCONBABZSETQN,NorthRidge,neighborhood,Adams,Arvada,CO,US,39.81529197,-105.04988945
155,USSCNBOVIBUHUU,Unknown,neighborhood,Aiken,Aiken,SC,US,33.5257999,-81.93825
156,USNCNBIKIIWHWX,Haw creek,neighborhood,Alamance,Graham,NC,US,35.957884,-79.310043
157,USCOCIFTIACBCW,Mosca,city,Alamosa,Mosca,CO,US,37.65,-105.55
158,USCONBBPNEGWSI,N/A,neighborhood,Alamosa,Alamosa,CO,US,37.47255705,-105.82457336
159,USCONBNRALZAQT,None,neighborhood,Alamosa,Alamosa,CO,US,37.46458235,-105.82157695
160,USCONBIHUJVTGN,N/A,neighborhood,Alamosa,Mosca,CO,US,37.64433153,-105.76766529
161,USNCNBOPTAALTI,Spring Hills,neighborhood,Alexander,Taylorsville,NC,US,35.921881,-81.1406315
162,USNCNBHYIRHCMI,Alexander Estates,neighborhood,Alexander,Taylorsville,NC,US,35.81837692,-81.25480272
163,USNCNBNJZLLUBP,Alexander Heights,neighborhood,Alexander,Taylorsville,NC,US,35.85638157,-81.18351501
164,USNCNBOLRXMHAZ,Cedarwood Estates,neighborhood,Alexander,Taylorsville,NC,US,35.852913,-81.286763
165,USNCNBLGHPTAMT,Friendship Courts,neighborhood,Alexander,Taylorsville,NC,US,35.84736447,-81.2153713
166,USNCNBRWGIFITC,Harbor Town,neighborhood,Alexander,Taylorsville,NC,US,35.81278812,-81.26474608
167,USNCNBHHMYGMKX,Meadowridge Acres,neighborhood,Alexander,Taylorsville,NC,US,35.844183,-81.187962
168,USNCNBYRIEXMNJ,Ponderosa Acres,neighborhood,Alexander,Taylorsville,NC,US,35.82024,-81.274116
169,USNCNBZORQNWMC,Wesley Park,neighborhood,Alexander,Hiddenite,NC,US,35.863932,-81.108694
170,USKSCIYGGRWJIG,Iola,city,Allen,Iola,KS,US,37.9297475,-95.4039515
171,USKSCIQQLIXTQI,Gas,city,Allen,Gas,KS,US,39.011902,-98.4842465
172,USNCNBKMRURKGK,OAKVIEW COMMONS,neighborhood,,Salisbury,NC,US,35.631344,-80.457516
173,USNCNBPIJOCQYJ,ARCHER FARM,neighborhood,,Salisbury,NC,US,35.721223,-80.445094
174,USNCNBBELHHSYM,AUTUMN WOOD,neighborhood,,Salisbury,NC,US,35.593025,-80.42591
175,USNCNBECHUFEJD,BROWN ACRES,neighborhood,,Salisbury,NC,US,35.60419,-80.426178
176,USNCNBRWYTWDEU,CASTLEWOOD,neighborhood,,Salisbury,NC,US,35.656972,-80.502763
177,USNCNBWBGRKRMI,DRUMMOND VILLAGE,neighborhood,,Salisbury,NC,US,35.636427,-80.388649
178,USNCNBAZCEYVSY,GLENN WOOD ACRES,neighborhood,,Salisbury,NC,US,35.652055,-80.408753
179,USNCNBGVRLTAIY,KINGS TERRACE,neighborhood,,Salisbury,NC,US,35.58802,-80.541324
180,USNCNBQOYREDYE,KLUTTZ ACRES,neighborhood,,Salisbury,NC,US,35.646997,-80.558594
181,USNCNBHAJVEYMP,MILFORD KNOLL,neighborhood,,Salisbury,NC,US,35.696109,-80.503021
182,USNCNBPTIYZDQD,OLDE SALISBURY,neighborhood,,Salisbury,NC,US,35.6381625,-80.47186300000001
183,USNCNBPKLDVIIE,ORCHARD HILLS,neighborhood,,Salisbury,NC,US,35.613505705,-80.4992469
184,USNCNBRNMPADEA,PLEASANT COVE,neighborhood,,Salisbury,NC,US,35.60815,-80.320101
185,USNCNBUTJWJVNX,PROVIDENCE COUNTRY,neighborhood,,Salisbury,NC,US,35.637476,-80.366818
186,USNCNBRIVLYQIO,SHORE ACRES,neighborhood,,Salisbury,NC,US,35.600574,-80.3385
187,USNCNBUMRJQOUX,TEST,neighborhood,,Salisbury,NC,US,35.692249,-80.414558
188,USNCNBZHOEGNYN,WEST RIDGE,neighborhood,,Salisbury,NC,US,35.652169405,-80.559154025
189,USNCNBGLNEYGKX,WESTWOOD,neighborhood,,Salisbury,NC,US,35.68217404,-80.53409231
190,USNCNBXQWSFWTV,WOODSIDE,neighborhood,,Salisbury,NC,US,35.614864,-80.452812
191,USNCNBLHEFHPNI,FREEDOM PARK,neighborhood,,Kannapolis,NC,US,35.477554,-80.602158
192,USNCNBNYHQAJKK,MALLARD POINTE,neighborhood,,Kannapolis,NC,US,35.488773,-80.589319
193,USNCNBLRIAWNHT,BROOKS TERRACE,neighborhood,,Rockwell,NC,US,35.526628,-80.442778
194,USNCNBSRPBSJOC,COUNTRY PLACE ESTATES,neighborhood,,Rockwell,NC,US,35.522472,-80.381272
195,USNCNBAFYUNCGC,MIDDLE BROOK,neighborhood,,Rockwell,NC,US,35.517335,-80.418893
196,USNCNBRQNUCWMG,COCHRAN FARMS,neighborhood,,Concord,NC,US,35.3481,-80.6433
197,USNCNBQYTQSOZI,LAUREL PARK,neighborhood,,Concord,NC,US,35.404461315000006,-80.6535475
198,USNCNBCLPIGOTB,WINDY RIDGE,neighborhood,,Concord,NC,US,35.44793647,-80.70418042
199,USNCNBFYQAFMCU,YATES MEADOW,neighborhood,,Concord,NC,US,35.38507250000001,-80.660067
200,USNCNBLCNLNNMJ,OAKWOOD ACRES,neighborhood,,Lexington,NC,US,35.696540999999996,-80.21838149999999
201,USNCNBYBOTHHGG,EDGEWOOD,neighborhood,,Landis,NC,US,35.545368,-80.597484
202,USNCNBIWWEEXZQ,NONE,neighborhood,,Cleveland,NC,US,35.728182375,-80.67752702499999
203,USNCNBUXLWVSQS,HILL N DALE FARM,neighborhood,,Cleveland,NC,US,35.7461,-80.686284
204,USNCNBCNOSGVNX,NONE,neighborhood,,Gold Hill,NC,US,35.57953757,-80.33180815
205,USNCNBKSKMPUGB,NONE,neighborhood,,Mount Pleasant,NC,US,35.40187383,-80.440402
206,USCONBQOBCLJWL,Clear Creek Gardens,neighborhood,Adams,Denver,CO,US,39.83394541,-104.97878519
207,USCONBRQXDAWRM,Fairview,neighborhood,Adams,Denver,CO,US,39.84124218,-105.02307165
208,USCONBYYIUCKUP,North Federal Heights,neighborhood,Adams,Denver,CO,US,39.86064275,-105.02040754
209,USCONBKSXDBWOA,Perl Mack Manor Fourth Filing,neighborhood,Adams,Denver,CO,US,39.82831153,-105.01001025
210,USCONBLJISVHOG,Perl Mack Manor Ninth Filing,neighborhood,Adams,Denver,CO,US,39.83684885,-105.00347427
211,USCONBOBAJSHUH,PerlMackManorThirdFiling,neighborhood,Adams,Denver,CO,US,39.82468306,-105.00980243
212,USCONBWYBQBMTT,Quail Crossing,neighborhood,Adams,Denver,CO,US,39.94175445,-105.00261014
213,USCONBKIULSUAG,Welby Hill Condo,neighborhood,Adams,Denver,CO,US,39.8474374,-104.95675731
214,USCONBTTWBSNAG,Westbury Farms At Apple Valley North,neighborhood,Adams,Denver,CO,US,39.90035841,-105.000926
215,USCONBADVMQEKM,Westminster Station,neighborhood,Adams,Denver,CO,US,39.82307497,-105.02332219
216,USCONBFBMXAWBV,Westmoreland,neighborhood,Adams,Denver,CO,US,39.79634597,-105.02040302
217,USCONBAUKAGSQL,Sunset Ridge,neighborhood,Adams,Westminster,CO,US,39.864792905,-105.03461436500001
218,USCONBQSJYZEOU,Huntington Trails,neighborhood,Adams,Westminster,CO,US,39.95491,-105.00229999999999
219,USCONBRVKSFVGZ,Shaw Heights,neighborhood,Adams,Westminster,CO,US,39.853223944999996,-105.03568869
220,USCONBKSMFOPBT,The Village at Harmony Park,neighborhood,Adams,Westminster,CO,US,39.933799385,-105.012319085
221,USCONBDAXLPGWM,Wild Flower Condo,neighborhood,Adams,Westminster,CO,US,39.910953045,-105.02465272
222,USCONBAWKBNDCS,Amherst,neighborhood,Adams,Westminster,CO,US,39.93610906,-105.0135351
223,USCONBBZAKSAUG,Apple Valley North,neighborhood,Adams,Westminster,CO,US,39.9007132,-104.99951767
224,USCONBKGKRADYB,Autumn Chase,neighborhood,Adams,Westminster,CO,US,39.88991005,-105.0274284
225,USCONBWYBHYAVV,The Lakes At Dunes Park Condo,neighborhood,Adams,Commerce City,CO,US,39.90078276,-104.8685886
226,USCONBETQFCPQH,Bromley Park,neighborhood,Adams,Brighton,CO,US,39.982425645,-104.74994287
227,USCONBSYGVHBSH,The Preserve,neighborhood,Adams,Brighton,CO,US,39.991647355,-104.77712485
228,USCONBBDVTYPEW,Clover Meadows,neighborhood,Adams,Brighton,CO,US,39.99701159,-104.80498309999999
229,USCONBICKSGDFY,Eagle Shadow,neighborhood,Adams,Brighton,CO,US,39.996724799999996,-104.91367174
230,USCONBINBUPKLC,Pheasant Ridge,neighborhood,Adams,Brighton,CO,US,39.981729045,-104.77600144499999
231,USCONBDNNWKWSN,Baseline Lakes,neighborhood,Adams,Brighton,CO,US,39.99885232,-104.86445624
232,USCONBKPWYNFBG,Brighton Crossings,neighborhood,Adams,Brighton,CO,US,39.99037612,-104.74599754
233,USCONBBDWGRUED,Brighton East Farms Filing 2,neighborhood,Adams,Brighton,CO,US,39.9997627,-104.75641163
234,USCONBNHIHYHXD,Brighton East Horizons,neighborhood,Adams,Brighton,CO,US,39.99719007,-104.77677144
235,USCONBOCFQOCVT,Pleasant View,neighborhood,Adams,Brighton,CO,US,39.94136693,-104.81446801
236,USCONBOTDVWVLM,Sugar Creek,neighborhood,Adams,Brighton,CO,US,39.97756379,-104.78732583
237,USCONBHIABOPLP,The Ridge Bromley Lane Condo,neighborhood,Adams,Brighton,CO,US,39.975269,-104.788476
238,USCONBUNDPANPK,View Point East,neighborhood,Adams,Brighton,CO,US,39.96299022,-104.60918938
239,USCONBLWYESDEW,Green Valley Ranch East,neighborhood,Adams,Aurora,CO,US,39.770155364999994,-104.73060043000001
240,USCONBCQVKFOCS,High Point,neighborhood,Adams,Aurora,CO,US,39.81502112,-104.74327252
241,USCONBIVHXXORT,Morris Heights,neighborhood,Adams,Aurora,CO,US,39.7580879,-104.82933027
242,USCONBIVRYXFQI,Aurora Cascades,neighborhood,Adams,Aurora,CO,US,39.74652747,-104.76633675
243,USCONBMKUHTHRC,Aurora Cascades Sub Filing 2,neighborhood,Adams,Aurora,CO,US,39.74499499,-104.76743915
244,USCONBKJUSAAXV,Aurora Central,neighborhood,Adams,Aurora,CO,US,39.75539034,-104.82867494
245,USCONBZWEMNXUW,GATEWAY PARK ADD,neighborhood,Adams,Aurora,CO,US,39.745028,-104.864299
246,USCONBTXLVHTIE,New Englands Heights,neighborhood,Adams,Aurora,CO,US,39.7491239,-104.87026491
247,USCONBFMLLADIW,Sable,neighborhood,Adams,Aurora,CO,US,39.7503876,-104.82210502
248,USCONBUSAQRVGI,Sclavenitis,neighborhood,Adams,Aurora,CO,US,39.74334171,-104.85620471
249,USCONBBROSFZEH,Midtown,neighborhood,Adams,Denver,CO,US,39.82182195,-105.01714547
250,USCONBBRPFZXMA,Perl Mack Manor,neighborhood,Adams,Denver,CO,US,39.829287605000005,-105.006258435
251,USCONBDYBZXMGB,Arras Park,neighborhood,Adams,Denver,CO,US,39.88233037,-104.95168043
252,USCONBERNCAXHK,Berkeley,neighborhood,Adams,Denver,CO,US,39.79186154,-105.01840995
253,USNCNBBZQXTUHO,RAYON PARK,neighborhood,,Statesville,NC,US,35.7804325,-80.9216985
254,USNCNBTIREDRER,NONE,neighborhood,,Linwood,NC,US,35.7614305,-80.3977035
255,USCONBIUZVGXWE,HERITAGE TODD CREEK,neighborhood,Adams,Thornton,CO,US,39.9709959,-104.88809814000001
256,USCONBJGPWLJSU,Thornton,neighborhood,Adams,Thornton,CO,US,39.85907483,-104.96357188
257,USCONBKIKXXXHN,Parkside,neighborhood,Adams,Thornton,CO,US,39.88008553,-105.00769958000001
258,USCONBQBYLYICL,Amber Creek,neighborhood,Adams,Thornton,CO,US,39.93937848,-104.90689663
259,USCONBVMOMGSWT,Cottonwood Lakes,neighborhood,Adams,Thornton,CO,US,39.93242152,-104.94497419
260,USCONBTYHHUFRI,North Hill,neighborhood,Adams,Thornton,CO,US,39.95495821,-104.92104658
261,USCONBHGNRONRN,Eastlake Village,neighborhood,Adams,Thornton,CO,US,39.9231635,-104.956852
262,USCONBJNYVNUSX,Homestead Hills,neighborhood,Adams,Thornton,CO,US,39.947589305,-104.93606812
263,USCONBNXVQONQN,Mayfield,neighborhood,Adams,Thornton,CO,US,39.910294955,-104.909894065
264,USCONBVQGKITSH,River Valley Village,neighborhood,Adams,Thornton,CO,US,39.872739485,-104.93605726999999
265,USCONBXIHUUDRE,Arras Park,neighborhood,Adams,Thornton,CO,US,39.88298107,-104.95043036
266,USCONBHDAXOTOD,Quail Run,neighborhood,Arapahoe,Aurora,CO,US,39.694336050000004,-104.774221525
267,USCONBRZFQKFQC,Sterling Hills,neighborhood,Arapahoe,Aurora,CO,US,39.67516444,-104.75629019
268,USCONBOYTEIQQJ,Stone Ridge Park,neighborhood,Arapahoe,Aurora,CO,US,39.68700846,-104.7988889
269,USCONBITROQNSD,Apache Mesa,neighborhood,Arapahoe,Aurora,CO,US,39.72855202,-104.79544343
270,USCONBFNVDWTCC,Harvest Ridge,neighborhood,Arapahoe,Aurora,CO,US,39.68130169,-104.7000619
271,USCONBEZGEKOAY,Havana Park,neighborhood,Arapahoe,Aurora,CO,US,39.72884365,-104.86395385
272,USCONBIIOCSAYN,Pheasant Run,neighborhood,Arapahoe,Aurora,CO,US,39.63134678,-104.79789601
273,USCONBUVPVPHOE,Tallgrass,neighborhood,Arapahoe,Aurora,CO,US,39.64059362,-104.74087173
274,USCONBOSUHKBSN,Alvarado Place,neighborhood,Arapahoe,Aurora,CO,US,39.73949079,-104.88085338
275,USCONBTOFTTAZI,Chambers Heights,neighborhood,Arapahoe,Aurora,CO,US,39.730282425,-104.816878145
276,USCONBJQPJRZTX,East Quincy Highlands,neighborhood,Arapahoe,Aurora,CO,US,39.643899705,-104.72920249500001
277,USCONBKWAHCTGI,Foxdale,neighborhood,Arapahoe,Aurora,CO,US,39.70225178,-104.7759463
278,USCONBWWRXREKK,Heather Ridge,neighborhood,Arapahoe,Aurora,CO,US,39.673820515,-104.833989215
279,USCONBAVPIIVJZ,Nevin Village,neighborhood,Arapahoe,Aurora,CO,US,39.69391372,-104.81243276000001
280,USCONBEPVNKRTD,Nevin Village Green,neighborhood,Arapahoe,Aurora,CO,US,39.692213555,-104.81241765
281,USCONBSMBTZTKN,Parkway Point,neighborhood,Arapahoe,Aurora,CO,US,39.70485412,-104.787418505
282,USCONBKFQUCRCE,The Farm,neighborhood,Arapahoe,Aurora,CO,US,39.598873115,-104.77993192
283,USCONBODNPYXHC,Tollgate Crossing,neighborhood,Arapahoe,Aurora,CO,US,39.62753597,-104.70742870000001
284,USCONBZJJTBESI,Willow Trace,neighborhood,Arapahoe,Aurora,CO,US,39.633388515,-104.751371025
285,USCONBZJDHOEPJ,Zurchers Sub,neighborhood,Arapahoe,Aurora,CO,US,39.738649235,-104.856144025
286,USCONBYRBROCGA,ADONEA SUBDIVISION FLG NO 7,neighborhood,Arapahoe,Aurora,CO,US,39.722352,-104.681262
287,USCONBEOTXXVJA,Apache Mesa 2nd Flg,neighborhood,Arapahoe,Aurora,CO,US,39.73428732,-104.795671
288,USCONBZIQBJVMT,Argenta Townhomes,neighborhood,Arapahoe,Aurora,CO,US,39.7207311,-104.86836499
289,USCONBPXLNZNNU,Aurora at Cross Creek,neighborhood,Arapahoe,Aurora,CO,US,39.724403,-104.71501944
290,USCONBMCQMZTGT,AURORA HILLS 4TH FLG,neighborhood,Arapahoe,Aurora,CO,US,39.707225,-104.834776
291,USCONBBSOLRAXZ,BAYBERRY CONDOS SUPPLS 4 THRU 6,neighborhood,Arapahoe,Aurora,CO,US,39.709606,-104.801208
292,USCONBVWDSKUPG,Brooklyn,neighborhood,Arapahoe,Aurora,CO,US,39.73389254,-104.88264818
293,USCONBZSRFUVEV,Century City Condominiums,neighborhood,Arapahoe,Aurora,CO,US,39.69850132,-104.82171788
294,USCONBRSXPFXHZ,Cherry Grove East Condos Ph 2,neighborhood,Arapahoe,Aurora,CO,US,39.71825542,-104.82081211
295,USCONBFLJQQEWQ,Copper Ridge Sub 1st Flg,neighborhood,Arapahoe,Aurora,CO,US,39.69762451,-104.78829682
296,USCONBJFKUXFYD,Country Green,neighborhood,Arapahoe,Aurora,CO,US,39.68131446,-104.84869329
297,USCONBUWMLXZKJ,COUNTRY LANE,neighborhood,Arapahoe,Aurora,CO,US,39.66984927,-104.77922113
298,USCONBWFTIUERM,Country Village,neighborhood,Arapahoe,Aurora,CO,US,39.71679439,-104.81168523
299,USCONBUXYJBQPF,Creekview at River Run II,neighborhood,Arapahoe,Aurora,CO,US,39.57963094,-104.79751947
300,USCONBQRXUVUKJ,Dayton Triangle,neighborhood,Arapahoe,Aurora,CO,US,39.6882934,-104.87105585
