location_id,location_code,location_name,location_type,area,city,state_code,country,latitude,longitude
1,USKSAROHAWBZPN,"Montgomery, KS",area,"Montgomery, KS",,KS,US,37.224409,-95.710559
2,USMOARXQNBXAOR,Ray,area,Ray,,MO,US,39.274475,-93.9745455
3,USKSARIXEZIRAN,"Franklin, KS",area,"Franklin, KS",,KS,US,38.60677285,-95.265361
4,USTNARTPQMWTKC,"Dekalb County, TN",area,"Dekalb County, TN",,TN,US,35.96089273,-85.8155834
5,USMOARNVAIUHKP,Vernon,area,Vernon,,MO,US,37.839762,-94.358985
6,USTNARJCIOTDYE,"Lawrence County, TN",area,"Lawrence County, TN",,TN,US,35.242481145,-87.32290427
7,USMOARBGVMKGQN,Nodaway,area,Nodaway,,MO,US,40.344577,-94.878613
8,USTNARNUXGNXWQ,"Putnam County, TN",area,"Putnam County, TN",,TN,US,36.169559469999996,-85.50123804
9,USTNARCETJDZWJ,"Giles County, TN",area,"Giles County, TN",,TN,US,35.19525644,-87.03865686
10,USMOARCPOGSUDB,Henry,area,Henry,,MO,US,38.368956145,-93.77134649999999
11,USKSARVRJNHMFD,Labette,area,Labette,,KS,US,37.339325935000005,-95.276490405
12,USCOARPYOOLCIQ,Summit,area,Summit,,CO,US,39.623036155,-106.09080539499999
13,USMOARXQHCZDVQ,Pettis,area,Pettis,,MO,US,38.702661,-93.235644
14,USILARAFLLRDFX,St Clair-IL,area,St Clair-IL,,IL,US,38.537199,-89.984128
15,USKSARCEBFJTBS,Bourbon,area,Bourbon,,KS,US,37.833365,-94.706505
16,USTNARIQJZNRPM,"Stewart County, TN",area,"Stewart County, TN",,TN,US,36.550796315,-87.849261445
17,USKSARQXJJNZFC,Allen,area,Allen,,KS,US,37.9297475,-95.4039515
18,USCOARGDATOESA,Logan,area,Logan,,CO,US,40.624756649999995,-103.21372
19,USTNARXVTZHURS,"Perry County, TN",area,"Perry County, TN",,TN,US,35.69715799,-87.79313506
20,USILARQCGZNUIN,Du Page,area,Du Page,,IL,US,41.8992122,-87.9420239
21,USILARAWZFFMJU,Randolph-IL,area,Randolph-IL,,IL,US,38.115627,-89.709054
22,USMOARWWEXEIKL,Bollinger,area,Bollinger,,MO,US,37.300480500000006,-90.00664499999999
23,USCOARTNKISOYV,Cheyenne,area,Cheyenne,,CO,US,38.81942,-102.35762
24,USMOARSLJPZSYH,Cooper,area,Cooper,,MO,US,38.726154019999996,-92.991520555
25,USMOARZREXNHQW,Iron,area,Iron,,MO,US,37.617179,-90.642346
26,USMOAROIGGXELI,Mercer,area,Mercer,,MO,US,40.396067,-93.58628636
27,USKSARVQJAPQOA,Butler,area,Butler,,KS,US,37.677557,-97.141002
28,USMOARIFESCEPG,Crawford,area,Crawford,,MO,US,38.061863,-91.412687
29,USTNARAVDKGIYU,"Jefferson County, TN",area,"Jefferson County, TN",,TN,US,36.01318517,-83.28203174
30,USMOARJOGRMTSG,Gentry,area,Gentry,,MO,US,40.216476,-94.540317705
31,USTNARXWXMIRZW,"Houston County, TN",area,"Houston County, TN",,TN,US,36.29147971,-87.67009629
32,USMOARXYTJDHMQ,Grundy,area,Grundy,,MO,US,40.07171,-93.612559
33,USGAARYODDIAZI,"Catoosa County, GA",area,"Catoosa County, GA",,GA,US,34.92443,-85.155057
34,USTNARMHDNZQYO,"Rhea County, TN",area,"Rhea County, TN",,TN,US,35.474987765,-84.970573685
35,USKSARPZTQVOAT,Coffey,area,Coffey,,KS,US,38.16173272,-95.7427815
36,USTNARGIRHUVTA,"Moore County, TN",area,"Moore County, TN",,TN,US,35.34025034,-86.31021054
37,USMOARNWGYGZHA,Camden,area,Camden,,MO,US,38.178741,-92.756564
38,USKYARNLPVZZOM,Fulton,area,Fulton,,KY,US,36.50717215,-88.8782828
39,USMOARHQWUCPVL,Pulaski,area,Pulaski,,MO,US,37.808170000000004,-92.156862
40,USMOARTXRUVVPW,Hickory,area,Hickory,,MO,US,37.90824616,-93.37741383
41,USMOARIHBJBIXQ,Phelps,area,Phelps,,MO,US,37.942615,-91.749767
42,USMOARWAGVBSHE,Texas,area,Texas,,MO,US,37.238234,-91.897687
43,USGAARMUAXMTWX,"Whitfield County, GA",area,"Whitfield County, GA",,GA,US,34.7549,-84.9994
44,USMOARLDCAWUEW,"Barton, MO",area,"Barton, MO",,MO,US,37.52458969,-94.26294239500001
45,USILARPSKWVBGK,Jackson-IL,area,Jackson-IL,,IL,US,37.739715000000004,-89.2697135
46,USKYARSVMXNIUO,"Logan County, KY",area,"Logan County, KY",,KY,US,36.867993115000004,-86.911740375
47,USILARDCFFITDB,Monroe-IL,area,Monroe-IL,,IL,US,38.390606500000004,-90.1935875
48,USTNARMQHFTXEA,"Sevier County, TN",area,"Sevier County, TN",,TN,US,35.779297915,-83.559070685
49,USMOARPTQNRQPL,Gasconade,area,Gasconade,,MO,US,38.69024172,-91.43184952
50,USMOARBBBTUNLP,Callaway,area,Callaway,,MO,US,38.8467,-91.940318
51,USSCARVALPKXNF,Colleton,area,Colleton,,SC,US,32.895285,-80.664304
52,USTNARJUGNASKG,"Crockett County, TN",area,"Crockett County, TN",,TN,US,35.9077182,-89.23453076
53,USKYAREAHWZUKU,Hickman,area,Hickman,,KY,US,36.6537804,-88.89695689999999
54,USKSARUNDEXTLA,"Jefferson, MO",area,"Jefferson, MO",,KS,US,39.319144,-95.272187
55,USKSARIZVUFBIF,Wyandotte,area,Wyandotte,,KS,US,39.1204165,-94.690971
56,USMOARVMWLVEFC,Buchanan,area,Buchanan,,MO,US,39.766947,-94.830017
57,USKSARTVXZKQYO,Miami,area,Miami,,KS,US,38.57218161,-94.8721855
58,USTNARELBKYMSX,"Coffee County, TN",area,"Coffee County, TN",,TN,US,35.47068425,-86.08319705
59,USTNARPPILIEKZ,"Marshall County, TN",area,"Marshall County, TN",,TN,US,35.468624344999995,-86.799300515
60,USKYARXINSPEKJ,"Christian County, KY",area,"Christian County, KY",,KY,US,36.65161574,-87.40708998
61,USKYARWAAZAFPJ,"Hopkins County, KY",area,"Hopkins County, KY",,KY,US,37.31915529,-87.495444905
62,USMOARKXGUQZVE,Ralls,area,Ralls,,MO,US,39.545443000000006,-91.5382075
63,USKSARFDGIFZPY,Riley,area,Riley,,KS,US,39.128850305,-96.556001705
64,USMOARCEYGZDXQ,Scott,area,Scott,,MO,US,37.222438999999994,-89.509929
65,USMOARJGRPFYGY,Shannon,area,Shannon,,MO,US,36.97075334,-91.42865230999999
66,USKSARUIJZLELD,Wabaunsee,area,Wabaunsee,,KS,US,39.0193295,-96.128398
67,USMOARKLYUTAUP,Jackson,area,Jackson,,MO,US,39.019459999999995,-94.4674535
68,USTNARRGUAHWIE,"Montgomery County, TN",area,"Montgomery County, TN",,TN,US,36.57113786,-87.34829988499999
69,USTNARKTBWVAHU,"Wilson County, TN",area,"Wilson County, TN",,TN,US,36.23075381,-86.35749515
70,USMOARYTSZYINX,Cass,area,Cass,,MO,US,38.80089262,-94.482369
71,USCONBWYBHYAVV,The Lakes At Dunes Park Condo,neighborhood,Adams,Commerce City,CO,US,39.90078276,-104.8685886
72,USCONBETQFCPQH,Bromley Park,neighborhood,Adams,Brighton,CO,US,39.982425645,-104.74994287
73,USCONBSYGVHBSH,The Preserve,neighborhood,Adams,Brighton,CO,US,39.991647355,-104.77712485
74,USCONBBDVTYPEW,Clover Meadows,neighborhood,Adams,Brighton,CO,US,39.99701159,-104.80498309999999
75,USCONBICKSGDFY,Eagle Shadow,neighborhood,Adams,Brighton,CO,US,39.996724799999996,-104.91367174
76,USCONBINBUPKLC,Pheasant Ridge,neighborhood,Adams,Brighton,CO,US,39.981729045,-104.77600144499999
77,USCONBDNNWKWSN,Baseline Lakes,neighborhood,Adams,Brighton,CO,US,39.99885232,-104.86445624
78,USCONBKPWYNFBG,Brighton Crossings,neighborhood,Adams,Brighton,CO,US,39.99037612,-104.74599754
79,USCONBBDWGRUED,Brighton East Farms Filing 2,neighborhood,Adams,Brighton,CO,US,39.9997627,-104.75641163
80,USCONBNHIHYHXD,Brighton East Horizons,neighborhood,Adams,Brighton,CO,US,39.99719007,-104.77677144
81,USCONBOCFQOCVT,Pleasant View,neighborhood,Adams,Brighton,CO,US,39.94136693,-104.81446801
82,USCONBOTDVWVLM,Sugar Creek,neighborhood,Adams,Brighton,CO,US,39.97756379,-104.78732583
83,USCONBHIABOPLP,The Ridge Bromley Lane Condo,neighborhood,Adams,Brighton,CO,US,39.975269,-104.788476
84,USCONBUNDPANPK,View Point East,neighborhood,Adams,Brighton,CO,US,39.96299022,-104.60918938
85,USCONBLWYESDEW,Green Valley Ranch East,neighborhood,Adams,Aurora,CO,US,39.770155364999994,-104.73060043000001
86,USCONBCQVKFOCS,High Point,neighborhood,Adams,Aurora,CO,US,39.81502112,-104.74327252
87,USCONBIVHXXORT,Morris Heights,neighborhood,Adams,Aurora,CO,US,39.7580879,-104.82933027
88,USCONBIVRYXFQI,Aurora Cascades,neighborhood,Adams,Aurora,CO,US,39.74652747,-104.76633675
89,USCONBMKUHTHRC,Aurora Cascades Sub Filing 2,neighborhood,Adams,Aurora,CO,US,39.74499499,-104.76743915
90,USCONBKJUSAAXV,Aurora Central,neighborhood,Adams,Aurora,CO,US,39.75539034,-104.82867494
91,USCONBZWEMNXUW,GATEWAY PARK ADD,neighborhood,Adams,Aurora,CO,US,39.745028,-104.864299
92,USCONBTXLVHTIE,New Englands Heights,neighborhood,Adams,Aurora,CO,US,39.7491239,-104.87026491
93,USCONBFMLLADIW,Sable,neighborhood,Adams,Aurora,CO,US,39.7503876,-104.82210502
94,USCONBUSAQRVGI,Sclavenitis,neighborhood,Adams,Aurora,CO,US,39.74334171,-104.85620471
95,USCONBBROSFZEH,Midtown,neighborhood,Adams,Denver,CO,US,39.82182195,-105.01714547
96,USCONBBRPFZXMA,Perl Mack Manor,neighborhood,Adams,Denver,CO,US,39.829287605000005,-105.006258435
97,USCONBDYBZXMGB,Arras Park,neighborhood,Adams,Denver,CO,US,39.88233037,-104.95168043
98,USCONBERNCAXHK,Berkeley,neighborhood,Adams,Denver,CO,US,39.79186154,-105.01840995
99,USMOARVSGMAYVT,Lawrence,area,Lawrence,,MO,US,37.19767501,-93.98079814
100,USKSARVMRBYUBR,Lyon,area,Lyon,,KS,US,38.3961334,-96.18293548
101,USALARPVFWNVKM,"Madison County, AL",area,"Madison County, AL",,AL,US,34.95657963,-86.77794976
102,USMOARFHMNNQXU,Maries,area,Maries,,MO,US,38.043031,-92.086807
103,USOKARFOELZVBE,Pawnee,area,Pawnee,,OK,US,36.15979404,-96.80700961
104,USMOARRCNEUEDL,Perry,area,Perry,,MO,US,37.693639,-89.590641
105,USMOARVEEWSLZL,St. Louis,area,St. Louis,,MO,US,38.04645373,-93.70270413
106,USMOARBDFXGPJY,Stone,area,Stone,,MO,US,36.643002,-93.364215
107,USKSARJMNPWVIE,Sumner,area,Sumner,,KS,US,37.476608,-97.369358
108,USKSARXFDDPTSY,Thomas,area,Thomas,,KS,US,39.37983,-101.069239
109,USTNARVVPDPBWQ,"Weakley County, TN",area,"Weakley County, TN",,TN,US,36.31746969,-88.72622505
110,USMOARFNGUBKZO,Wright,area,Wright,,MO,US,37.077857,-92.332071
111,USNCCIYBHQECEJ,China Grove,city,,China Grove,NC,US,35.567865,-80.582435
112,USNCCINHHOVCNH,Spencer,city,,Spencer,NC,US,35.695472,-80.435383
113,USNCCIHCYDUMBU,Faith,city,,Faith,NC,US,35.587154,-80.46570527
114,USNCCIONFBGFAS,Mount Pleasant,city,,Mount Pleasant,NC,US,35.40187383,-80.432817
115,USNCCILOLEBEPW,Statesville,city,,Statesville,NC,US,35.785234,-80.88197
116,USNCCIBJEELLOQ,Woodleaf,city,,Woodleaf,NC,US,35.760664,-80.584608
117,USNCCIQMCNIAED,Denton,city,,Denton,NC,US,35.62033739,-80.203396
118,USNCCIDAHXXZGN,Mooresville,city,,Mooresville,NC,US,35.57918369,-80.8506165
119,USNCNBIMUFFUPK,NONE,neighborhood,,Salisbury,NC,US,35.668021,-80.463147
120,USNCNBXNPHWSMR,COUNTRY CLUB HILLS,neighborhood,,Salisbury,NC,US,35.705934525,-80.473234925
121,USNCNBQYXHBRRQ,SUMMERFIELD,neighborhood,,Salisbury,NC,US,35.654426,-80.5404575
122,USNCNBSCAMBRBH,CAMERON GLEN,neighborhood,,Salisbury,NC,US,35.672770445,-80.54629096
123,USNCNBYMYCRRZM,HIDDEN CREEK,neighborhood,,Salisbury,NC,US,35.707221454999996,-80.502069
124,USCONBQOBCLJWL,Clear Creek Gardens,neighborhood,Adams,Denver,CO,US,39.83394541,-104.97878519
125,USCONBRQXDAWRM,Fairview,neighborhood,Adams,Denver,CO,US,39.84124218,-105.02307165
126,USCONBYYIUCKUP,North Federal Heights,neighborhood,Adams,Denver,CO,US,39.86064275,-105.02040754
127,USCONBKSXDBWOA,Perl Mack Manor Fourth Filing,neighborhood,Adams,Denver,CO,US,39.82831153,-105.01001025
128,USCONBLJISVHOG,Perl Mack Manor Ninth Filing,neighborhood,Adams,Denver,CO,US,39.83684885,-105.00347427
129,USCONBOBAJSHUH,PerlMackManorThirdFiling,neighborhood,Adams,Denver,CO,US,39.82468306,-105.00980243
130,USCONBWYBQBMTT,Quail Crossing,neighborhood,Adams,Denver,CO,US,39.94175445,-105.00261014
131,USCONBKIULSUAG,Welby Hill Condo,neighborhood,Adams,Denver,CO,US,39.8474374,-104.95675731
132,USCONBTTWBSNAG,Westbury Farms At Apple Valley North,neighborhood,Adams,Denver,CO,US,39.90035841,-105.000926
133,USCONBADVMQEKM,Westminster Station,neighborhood,Adams,Denver,CO,US,39.82307497,-105.02332219
134,USCONBFBMXAWBV,Westmoreland,neighborhood,Adams,Denver,CO,US,39.79634597,-105.02040302
135,USCONBAUKAGSQL,Sunset Ridge,neighborhood,Adams,Westminster,CO,US,39.864792905,-105.03461436500001
136,USCONBQSJYZEOU,Huntington Trails,neighborhood,Adams,Westminster,CO,US,39.95491,-105.00229999999999
137,USCONBRVKSFVGZ,Shaw Heights,neighborhood,Adams,Westminster,CO,US,39.853223944999996,-105.03568869
138,USCONBKSMFOPBT,The Village at Harmony Park,neighborhood,Adams,Westminster,CO,US,39.933799385,-105.012319085
139,USCONBDAXLPGWM,Wild Flower Condo,neighborhood,Adams,Westminster,CO,US,39.910953045,-105.02465272
140,USCONBAWKBNDCS,Amherst,neighborhood,Adams,Westminster,CO,US,39.93610906,-105.0135351
141,USCONBBZAKSAUG,Apple Valley North,neighborhood,Adams,Westminster,CO,US,39.9007132,-104.99951767
142,USCONBKGKRADYB,Autumn Chase,neighborhood,Adams,Westminster,CO,US,39.88991005,-105.0274284
143,USCONBJBCIHTUR,Thornton Blks 77-82 Amd,neighborhood,Adams,Thornton,CO,US,39.86360667,-104.95036081
144,USCONBRBFZDVRB,Villages North Sub Filing 2,neighborhood,Adams,Thornton,CO,US,39.86393553,-104.94484372
145,USCONBIRNKFGCW,Woodbridge Station,neighborhood,Adams,Thornton,CO,US,39.93247117,-104.92460381
146,USCONBKWZIFZDX,Woodglen Meadows,neighborhood,Adams,Thornton,CO,US,39.92776,-104.93668
147,USCONBYMKRVSPY,Reunion,neighborhood,Adams,Commerce City,CO,US,39.89465454,-104.79199338
148,USCONBGEUVGQAJ,Reunion Ridge,neighborhood,Adams,Commerce City,CO,US,39.882611,-104.83371473
149,USCONBNDFGCSEE,Buffalo Highlands,neighborhood,Adams,Commerce City,CO,US,39.86352301,-104.78236
150,USCONBRZNZCCEE,Reunion- American Dream,neighborhood,Adams,Commerce City,CO,US,39.884225985,-104.82991206
151,USCONBQZEANNGX,Settlers Crossing,neighborhood,Adams,Commerce City,CO,US,39.87603991,-104.766438445
152,USCONBYRNEHHZJ,Belle Creek,neighborhood,Adams,Commerce City,CO,US,39.893958,-104.87547
153,USCONBXSEHYHGH,Linden,neighborhood,Adams,Commerce City,CO,US,39.88888752,-104.84177546500001
154,USCONBNFZTSAQG,Mowrey Sub,neighborhood,Adams,Commerce City,CO,US,39.82495515,-104.91209082
155,USCONBGCJRALXM,Fronterra Village Filing 2,neighborhood,Adams,Commerce City,CO,US,39.87570831,-104.80857634
156,USCONBRYCPDEJV,Martin,neighborhood,Adams,Commerce City,CO,US,39.80490263,-104.92607914
157,USCONBYHABCLOE,Monaco,neighborhood,Adams,Commerce City,CO,US,39.83891065,-104.91212727
158,USCONBSLBHULXL,Morningdale,neighborhood,Adams,Commerce City,CO,US,39.8245336,-104.92430118
159,USCONBOEAOILYX,Norwood,neighborhood,Adams,Commerce City,CO,US,39.83772865,-104.92253923
160,USCONBFVJCWIDO,Quebec Estates,neighborhood,Adams,Commerce City,CO,US,39.84645526,-104.90285036
161,USCONBJFZDVOKA,Reunion-American Dream,neighborhood,Adams,Commerce City,CO,US,39.88438498,-104.82986078
162,USCONBSMWWLECW,Ash Grove,neighborhood,Adams,Thornton,CO,US,39.92699,-104.91693
163,USCONBQTZNYCII,Brantner Village,neighborhood,Adams,Thornton,CO,US,39.92376364,-104.89438099
164,USCONBBSUFBEMQ,BRIAR RIDGE FILING 1,neighborhood,Adams,Thornton,CO,US,39.90919,-104.938419
165,USCONBIOJZGGVZ,Deer Run,neighborhood,Adams,Thornton,CO,US,39.9248494,-104.92675369
166,USCONBMNANFMMQ,DEER RUN PLANNED UNIT DEVELOPMENT,neighborhood,Adams,Thornton,CO,US,39.92116,-104.928003
167,USCONBIPQKRXIW,Fallbrook Subdivision,neighborhood,Adams,Thornton,CO,US,39.95138339,-104.94069122
168,USCONBESHTQDKR,Harvest Ridge,neighborhood,Adams,Thornton,CO,US,39.87712,-104.96313
169,USCONBHCQSNHON,Holly Ridge,neighborhood,Adams,Thornton,CO,US,39.90053547,-104.92377394
170,USCONBYLMYJBBK,Lakeview Estates,neighborhood,Adams,Thornton,CO,US,39.97900618,-104.89251916
171,USCONBZMSTNUNL,North Creek Farms,neighborhood,Adams,Thornton,CO,US,39.99883881,-104.96342345
172,USCONBYEAVWCBX,Peachtree Homes At The Lakes,neighborhood,Adams,Thornton,CO,US,39.93041758,-104.9593112
173,USCONBFMMAGWQK,Quebec Riverdale,neighborhood,Adams,Thornton,CO,US,39.93470816,-104.90528546
174,USCONBRGEEALEM,Riverdale,neighborhood,Adams,Thornton,CO,US,39.929994,-104.916072
175,USCONBMRNBBSFY,Riverdale Heights,neighborhood,Adams,Thornton,CO,US,39.87968979,-104.94918436
176,USCONBDTHHAUGO,Sage Valley Condo,neighborhood,Adams,Thornton,CO,US,39.88542476,-104.94945285
177,USCONBAKMIDWFG,Settlers Chase Prospects,neighborhood,Adams,Thornton,CO,US,39.88302,-104.94819
178,USCONBKKAUPWQB,Sundance At Lambertson Lakes,neighborhood,Adams,Thornton,CO,US,39.87615564,-104.9768766
179,USNCNBKMRURKGK,OAKVIEW COMMONS,neighborhood,,Salisbury,NC,US,35.631344,-80.457516
180,USNCNBPIJOCQYJ,ARCHER FARM,neighborhood,,Salisbury,NC,US,35.721223,-80.445094
181,USNCNBBELHHSYM,AUTUMN WOOD,neighborhood,,Salisbury,NC,US,35.593025,-80.42591
182,USNCNBECHUFEJD,BROWN ACRES,neighborhood,,Salisbury,NC,US,35.60419,-80.426178
183,USNCNBRWYTWDEU,CASTLEWOOD,neighborhood,,Salisbury,NC,US,35.656972,-80.502763
184,USNCNBWBGRKRMI,DRUMMOND VILLAGE,neighborhood,,Salisbury,NC,US,35.636427,-80.388649
185,USNCNBAZCEYVSY,GLENN WOOD ACRES,neighborhood,,Salisbury,NC,US,35.652055,-80.408753
186,USNCNBGVRLTAIY,KINGS TERRACE,neighborhood,,Salisbury,NC,US,35.58802,-80.541324
187,USNCNBQOYREDYE,KLUTTZ ACRES,neighborhood,,Salisbury,NC,US,35.646997,-80.558594
188,USNCNBHAJVEYMP,MILFORD KNOLL,neighborhood,,Salisbury,NC,US,35.696109,-80.503021
189,USNCNBPTIYZDQD,OLDE SALISBURY,neighborhood,,Salisbury,NC,US,35.6381625,-80.47186300000001
190,USNCNBPKLDVIIE,ORCHARD HILLS,neighborhood,,Salisbury,NC,US,35.613505705,-80.4992469
191,USNCNBRNMPADEA,PLEASANT COVE,neighborhood,,Salisbury,NC,US,35.60815,-80.320101
192,USNCNBUTJWJVNX,PROVIDENCE COUNTRY,neighborhood,,Salisbury,NC,US,35.637476,-80.366818
193,USNCNBRIVLYQIO,SHORE ACRES,neighborhood,,Salisbury,NC,US,35.600574,-80.3385
194,USNCNBUMRJQOUX,TEST,neighborhood,,Salisbury,NC,US,35.692249,-80.414558
195,USNCNBZHOEGNYN,WEST RIDGE,neighborhood,,Salisbury,NC,US,35.652169405,-80.559154025
196,USNCNBGLNEYGKX,WESTWOOD,neighborhood,,Salisbury,NC,US,35.68217404,-80.53409231
197,USNCNBXQWSFWTV,WOODSIDE,neighborhood,,Salisbury,NC,US,35.614864,-80.452812
198,USNCNBLHEFHPNI,FREEDOM PARK,neighborhood,,Kannapolis,NC,US,35.477554,-80.602158
199,USNCNBNYHQAJKK,MALLARD POINTE,neighborhood,,Kannapolis,NC,US,35.488773,-80.589319
200,USNCNBLRIAWNHT,BROOKS TERRACE,neighborhood,,Rockwell,NC,US,35.526628,-80.442778
201,USNCNBSRPBSJOC,COUNTRY PLACE ESTATES,neighborhood,,Rockwell,NC,US,35.522472,-80.381272
202,USNCNBAFYUNCGC,MIDDLE BROOK,neighborhood,,Rockwell,NC,US,35.517335,-80.418893
203,USNCNBRQNUCWMG,COCHRAN FARMS,neighborhood,,Concord,NC,US,35.3481,-80.6433
204,USNCNBQYTQSOZI,LAUREL PARK,neighborhood,,Concord,NC,US,35.404461315000006,-80.6535475
205,USNCNBCLPIGOTB,WINDY RIDGE,neighborhood,,Concord,NC,US,35.44793647,-80.70418042
206,USNCNBFYQAFMCU,YATES MEADOW,neighborhood,,Concord,NC,US,35.38507250000001,-80.660067
207,USNCNBLCNLNNMJ,OAKWOOD ACRES,neighborhood,,Lexington,NC,US,35.696540999999996,-80.21838149999999
208,USNCNBYBOTHHGG,EDGEWOOD,neighborhood,,Landis,NC,US,35.545368,-80.597484
209,USNCNBIWWEEXZQ,NONE,neighborhood,,Cleveland,NC,US,35.728182375,-80.67752702499999
210,USNCNBUXLWVSQS,HILL N DALE FARM,neighborhood,,Cleveland,NC,US,35.7461,-80.686284
211,USNCNBCNOSGVNX,NONE,neighborhood,,Gold Hill,NC,US,35.57953757,-80.33180815
212,USNCNBKSKMPUGB,NONE,neighborhood,,Mount Pleasant,NC,US,35.40187383,-80.440402
213,USNCNBBZQXTUHO,RAYON PARK,neighborhood,,Statesville,NC,US,35.7804325,-80.9216985
214,USNCNBTIREDRER,NONE,neighborhood,,Linwood,NC,US,35.7614305,-80.3977035
215,USCONBIUZVGXWE,HERITAGE TODD CREEK,neighborhood,Adams,Thornton,CO,US,39.9709959,-104.88809814000001
216,USCONBJGPWLJSU,Thornton,neighborhood,Adams,Thornton,CO,US,39.85907483,-104.96357188
217,USCONBKIKXXXHN,Parkside,neighborhood,Adams,Thornton,CO,US,39.88008553,-105.00769958000001
218,USCONBQBYLYICL,Amber Creek,neighborhood,Adams,Thornton,CO,US,39.93937848,-104.90689663
219,USCONBVMOMGSWT,Cottonwood Lakes,neighborhood,Adams,Thornton,CO,US,39.93242152,-104.94497419
220,USCONBTYHHUFRI,North Hill,neighborhood,Adams,Thornton,CO,US,39.95495821,-104.92104658
221,USCONBHGNRONRN,Eastlake Village,neighborhood,Adams,Thornton,CO,US,39.9231635,-104.956852
222,USCONBJNYVNUSX,Homestead Hills,neighborhood,Adams,Thornton,CO,US,39.947589305,-104.93606812
223,USCONBNXVQONQN,Mayfield,neighborhood,Adams,Thornton,CO,US,39.910294955,-104.909894065
224,USCONBVQGKITSH,River Valley Village,neighborhood,Adams,Thornton,CO,US,39.872739485,-104.93605726999999
225,USCONBXIHUUDRE,Arras Park,neighborhood,Adams,Thornton,CO,US,39.88298107,-104.95043036
226,USCONBLACMHFJV,Hallscraft Village East,neighborhood,Arapahoe,Aurora,CO,US,39.69335076,-104.84091033
227,USCONBHITCYRMK,HAMPDEN HILLS AT AURORA SUB 9TH FLG,neighborhood,Arapahoe,Aurora,CO,US,39.64611183,-104.7597375
228,USCONBVOTVYENC,Heather Ridge South,neighborhood,Arapahoe,Aurora,CO,US,39.66725853,-104.83295818
229,USCONBXZNSZIPY,High Hollows,neighborhood,Arapahoe,Aurora,CO,US,39.70242171,-104.86318254
230,USCONBUMGRFXQG,Highland Park 4th FLG,neighborhood,Arapahoe,Aurora,CO,US,39.72032854,-104.86314281
231,USCONBFYKJVCVD,Highland Villas,neighborhood,Arapahoe,Aurora,CO,US,39.5781475,-104.71872
232,USCONBKHXXHBNN,Highline,neighborhood,Arapahoe,Aurora,CO,US,39.69564459,-104.87260218
233,USCONBMWSCYPYK,Hoffman Town,neighborhood,Arapahoe,Aurora,CO,US,39.73668077,-104.83213423
234,USCONBGJCYTSGE,Iliff Commons,neighborhood,Arapahoe,Aurora,CO,US,39.68006305,-104.7649229
235,USCONBDRWTYLWX,KINGSBOROUGH SUB 8TH FLG,neighborhood,Arapahoe,Aurora,CO,US,39.694039,-104.763866
236,USCONBPTITLBCZ,Lexington East,neighborhood,Arapahoe,Aurora,CO,US,39.68274019,-104.76137578
237,USCONBWBOTEPHG,LEXINGTON SUB 1ST FLG,neighborhood,Arapahoe,Aurora,CO,US,39.695713,-104.793792
238,USCONBGQODQSZM,Little Horn Sub Amd,neighborhood,Arapahoe,Aurora,CO,US,39.66942,-104.85174
239,USCONBVERTYHTQ,Lyn Meadows,neighborhood,Arapahoe,Aurora,CO,US,39.72089506,-104.84758821
240,USCONBINBWXCQI,Meadow Hills,neighborhood,Arapahoe,Aurora,CO,US,39.64426717,-104.82223974
241,USCONBSCJQPNAN,MEADOW POINT CONDOS PHS 1-2 & 3,neighborhood,Arapahoe,Aurora,CO,US,39.635936,-104.787476
242,USCONBVYPPUZZR,Meadowood Subdivision,neighborhood,Arapahoe,Aurora,CO,US,39.66082774,-104.80216236
243,USCONBHOISIMUB,Mill Run,neighborhood,Arapahoe,Aurora,CO,US,39.64319228,-104.78620346
244,USCONBCTPQFBHY,MISSION VIEJO SUB 11TH FLG,neighborhood,Arapahoe,Aurora,CO,US,39.645266,-104.792324
245,USCONBDVGECUIC,Paula Dora,neighborhood,Arapahoe,Aurora,CO,US,39.68628765,-104.87090805
246,USCONBAUCSVWGX,Peachwood,neighborhood,Arapahoe,Aurora,CO,US,39.69811943,-104.84787864
247,USCONBMDVKOSAE,Pier Point,neighborhood,Arapahoe,Aurora,CO,US,39.64281343,-104.82808818
248,USCONBGJZNMNWK,Piney Creek,neighborhood,Arapahoe,Aurora,CO,US,39.61204759,-104.80205643
249,USCONBEYMITQFW,Pinnacle Ranch II Condo,neighborhood,Arapahoe,Aurora,CO,US,39.68969449,-104.87015193
250,USCONBUFDXCYTX,Pioneer Hills,neighborhood,Arapahoe,Aurora,CO,US,39.61942333,-104.8131885
251,USCONBWHIVIJDZ,PRAIRIE RIDGE AT SADDLE ROCK EAST CONDOS,neighborhood,Arapahoe,Aurora,CO,US,39.594592,-104.721391
252,USCONBXLOPCOBH,Pride's Crossing,neighborhood,Arapahoe,Aurora,CO,US,39.62648359,-104.77029646
253,USCONBYWHUYWEP,Quail Run Condos,neighborhood,Arapahoe,Aurora,CO,US,39.69491937,-104.77591446
254,USCONBOYVBSFIT,QUINCY CREEK SUB 1ST FLG,neighborhood,Arapahoe,Aurora,CO,US,39.640486,-104.80061
255,USCONBPVNOFSEI,Red Sky Condos,neighborhood,Arapahoe,Aurora,CO,US,39.71895898,-104.81705901
256,USCONBJLVPHQRN,Red Willow,neighborhood,Arapahoe,Aurora,CO,US,39.71593557,-104.81144658
257,USCONBRCJTGDDQ,Sandpiper Sub 1st Flg,neighborhood,Arapahoe,Aurora,CO,US,39.66216362,-104.83986145
258,USCONBVKKGKKFC,SEVEN LAKES,neighborhood,Arapahoe,Aurora,CO,US,39.65878031,-104.76209937
259,USCONBPXFFPRQD,Southshore at Aurora Sub Flg 19,neighborhood,Arapahoe,Aurora,CO,US,39.58888342,-104.66309455
260,USCONBUYBLQVRR,Spinnaker Run Condos,neighborhood,Arapahoe,Aurora,CO,US,39.66138418,-104.84314229
261,USCONBFETPJEBX,Stratus at Eagle Bend,neighborhood,Arapahoe,Aurora,CO,US,39.57862695,-104.71729534
262,USCONBFYBUWIGQ,Strawberry 1 at Heather Ridge,neighborhood,Arapahoe,Aurora,CO,US,39.67198855,-104.83021518
263,USCONBJMUJFZFR,Adams County,neighborhood,Adams,Strasburg,CO,US,39.90124676,-104.29875109
264,USCONBSITARFAM,Strasburg,neighborhood,Adams,Strasburg,CO,US,39.78235277,-104.33612194
265,USCONBVGTWYSPK,Montecello,neighborhood,Adams,Federal Heights,CO,US,39.86068422,-105.01090512
266,USCONBMKHXEBPW,Lochbuie Station,neighborhood,Adams,Lochbuie,CO,US,39.99677,-104.72715
267,USCONBQKVNOFZK,North Park Filing 1 Rep C,neighborhood,Adams,Broomfield,CO,US,39.99445,-105.01339
268,USCONBMSJWVGGJ,NORTH STAR ESTATES FOURTH FILING,neighborhood,Adams,Broomfield,CO,US,39.97888,-105.00822
269,USCONBJTXFJNKM,None,neighborhood,Adams,Byers,CO,US,39.97786339,-104.05810479
270,USCONBABZSETQN,NorthRidge,neighborhood,Adams,Arvada,CO,US,39.81529197,-105.04988945
271,USSCNBOVIBUHUU,Unknown,neighborhood,Aiken,Aiken,SC,US,33.5257999,-81.93825
272,USKSNBOIKBMVEP,None,neighborhood,Allen,Elsmore,KS,US,37.78485828,-95.19309667
273,USKSNBRTXJELHQ,None,neighborhood,Allen,Gas,KS,US,39.011902,-98.4842465
274,USKSNBFWQYIXQL,Garnett,neighborhood,Anderson,Garnett,KS,US,38.283198,-95.244317
275,USKSNBQCFHDQXN,Other,neighborhood,Anderson,Colony,KS,US,38.07145065,-95.3410882
276,USKSNBSKYBWPCT,None,neighborhood,Anderson,Kincaid,KS,US,38.087214,-95.157691
277,USTXNBVWOCSKEJ,Wrights 4th,neighborhood,Anderson,Palestine,TX,US,31.747946,-95.613211
278,USSCNBFXHDBUOH,None,neighborhood,Anderson,Pendleton,SC,US,34.617353,-82.715137
279,USSCNBDKSRFRTF,none,neighborhood,Anderson,Belton,SC,US,34.511927,-82.502522
280,USMOCIZLEVSYLI,Savannah,city,Andrew,Savannah,MO,US,39.940035,-94.831345
281,USMOCIKTCEMNNY,Fillmore,city,Andrew,Fillmore,MO,US,40.012517,-94.97453150000001
282,USMONBGKCVXCCD,Halls,neighborhood,Andrew,Savannah,MO,US,39.941152,-94.83148299999999
283,USMONBULBXPPCH,None,neighborhood,Andrew,Amazonia,MO,US,39.915324,-94.9260535
284,USMONBZGZPKWHU,None,neighborhood,Andrew,Fillmore,MO,US,40.000396,-94.979606
285,USMONBUTDQLXLU,Other,neighborhood,Andrew,Helena,MO,US,39.91973879,-94.67879469
286,USNCNBDLIVBGUW,Hidden Valley,neighborhood,Anson,Wadesboro,NC,US,34.95218562,-80.08662361
287,USNCNBEOLNOQKB,Hillsdale,neighborhood,Anson,Wadesboro,NC,US,34.9576,-80.104163
288,USNCNBPMIIDGZO,Southwinds,neighborhood,Anson,Wadesboro,NC,US,34.986828,-80.103934
289,USCOCIAXXTTTAM,Watkins,city,Arapahoe,Watkins,CO,US,39.72761536,-104.65551027000001
290,USCONBBKLOIBGC,AURORA HILLS,neighborhood,Arapahoe,Aurora,CO,US,39.70297045,-104.83721462
291,USCONBRTXDFMMA,Copperleaf,neighborhood,Arapahoe,Aurora,CO,US,39.629519885,-104.736451295
292,USCONBGITPHASH,Aurora Highlands,neighborhood,Arapahoe,Aurora,CO,US,39.68940957,-104.77534136
293,USCONBQHBYQCAA,Horizon Uptown,neighborhood,Arapahoe,Aurora,CO,US,39.72914395,-104.72757821
294,USCONBUSHVOPEX,The Conservatory,neighborhood,Arapahoe,Aurora,CO,US,39.65862467,-104.75107356
295,USCONBRWDNYEDX,Adonea,neighborhood,Arapahoe,Aurora,CO,US,39.71690522,-104.68171520000001
296,USCONBZJJTBESI,Willow Trace,neighborhood,Arapahoe,Aurora,CO,US,39.633388515,-104.751371025
297,USCONBZJDHOEPJ,Zurchers Sub,neighborhood,Arapahoe,Aurora,CO,US,39.738649235,-104.856144025
298,USCONBYRBROCGA,ADONEA SUBDIVISION FLG NO 7,neighborhood,Arapahoe,Aurora,CO,US,39.722352,-104.681262
299,USCONBEOTXXVJA,Apache Mesa 2nd Flg,neighborhood,Arapahoe,Aurora,CO,US,39.73428732,-104.795671
300,USCONBZIQBJVMT,Argenta Townhomes,neighborhood,Arapahoe,Aurora,CO,US,39.7207311,-104.86836499
